INSERT INTO Products(idProduct, idUnit, nameProduct)
VALUES(1, 1, 'Manzana');

INSERT INTO Products(idProduct, idUnit, nameProduct)
VALUES(2, 1, 'Uva');

INSERT INTO Products(idProduct, idUnit, nameProduct)
VALUES(3, 1, 'Zanahoria');

INSERT INTO Products(idProduct, idUnit, nameProduct)
VALUES(4, 1, 'Masa');

INSERT INTO Products(idProduct, idUnit, nameProduct)
VALUES(5, 2, 'Tabasco');

INSERT INTO Products(idProduct, idUnit, nameProduct)
VALUES(6, 2, 'Salsa de tomate');

INSERT INTO Products(idProduct, idUnit, nameProduct)
VALUES(7, 1, 'Maiz');

INSERT INTO Products(idProduct, idUnit, nameProduct)
VALUES(8, 2, 'Mostaza');

INSERT INTO Products(idProduct, idUnit, nameProduct)
VALUES(9, 1, 'Frijoles');

INSERT INTO Products(idProduct, idUnit, nameProduct)
VALUES(10, 2, 'Leche');

INSERT INTO Products(idProduct, idUnit, nameProduct)
VALUES(11, 1, 'Queso');

INSERT INTO Products(idProduct, idUnit, nameProduct)
VALUES(12, 1, 'Salchichon');

INSERT INTO Products(idProduct, idUnit, nameProduct)
VALUES(13, 1, 'Culantro');

INSERT INTO Products(idProduct, idUnit, nameProduct)
VALUES(14, 1, 'Tomillo');

INSERT INTO Products(idProduct, idUnit, nameProduct)
VALUES(15, 2, 'Coca cola');

INSERT INTO Units(idUnit, nameUnit)
VALUES(1, 'Gramo');

INSERT INTO Units(idUnit, nameUnit)
VALUES(2, 'Mililitro');

INSERT INTO Genders(idGender, descriptionGender)
VALUES(1, 'Femanino');

INSERT INTO Genders(idGender, descriptionGender)
VALUES(2, 'Masculino');

INSERT INTO Person(idPerson, idGender, idAddress, birthday, namePerson, userName, password, creationDate)
VALUES(1, 2, 1, '1999/11/15', 'David', 'xxx', 'xxx', '2023/02/15');